{
    "client": "Thunder Client",
    "collectionName": "usuarioColeccion",
    "dateExported": "2024-02-06T22:25:06.598Z",
    "version": "1.1",
    "folders": [],
    "requests": [
        {
            "_id": "39b6f49b-d571-4f92-a27a-62e18f91cb62",
            "colId": "fc7264d4-02c2-4327-a5d4-81cf3ec38622",
            "containerId": "",
            "name": "post usuario",
            "url": "http://localhost:3000/api/usuarios",
            "method": "POST",
            "sortNum": 10000,
            "created": "2024-02-06T19:45:11.239Z",
            "modified": "2024-02-06T20:31:37.944Z",
            "headers": [],
            "params": [],
            "body": {
                "type": "json",
                "raw": "{\r\n    \"nombre\": \"test15\",\r\n    \"correo\": \"test15@gmail.com\",\r\n    \"password\": \"123456\",\r\n    \"role\": \"USER_ROLE\"\r\n}",
                "form": []
            },
            "tests": []
        },
        {
            "_id": "fb186a39-1e7d-4be3-b053-5d5ac240a455",
            "colId": "fc7264d4-02c2-4327-a5d4-81cf3ec38622",
            "containerId": "",
            "name": "get usuarios",
            "url": "http://localhost:3000/api/usuarios?desde=5",
            "method": "GET",
            "sortNum": 30000,
            "created": "2024-02-06T21:38:16.429Z",
            "modified": "2024-02-06T21:39:30.236Z",
            "headers": [],
            "params": [
                {
                    "name": "desde",
                    "value": "5",
                    "isPath": false
                }
            ],
            "tests": []
        },
        {
            "_id": "bea3fc85-3e45-4544-b6a2-50bed6368dc1",
            "colId": "fc7264d4-02c2-4327-a5d4-81cf3ec38622",
            "containerId": "",
            "name": "get UsuarioById",
            "url": "http://localhost:3000/api/usuarios",
            "method": "GET",
            "sortNum": 40000,
            "created": "2024-02-06T21:50:19.170Z",
            "modified": "2024-02-06T21:57:48.593Z",
            "headers": [],
            "params": [],
            "tests": []
        },
        {
            "_id": "3bd4b6d0-d263-452f-a9ec-29b010ceb30f",
            "colId": "fc7264d4-02c2-4327-a5d4-81cf3ec38622",
            "containerId": "",
            "name": "put usuarios",
            "url": "http://localhost:3000/api/usuarios/65c29725197b398cecb0b1ab",
            "method": "PUT",
            "sortNum": 50000,
            "created": "2024-02-06T22:09:48.819Z",
            "modified": "2024-02-06T22:12:30.193Z",
            "headers": [],
            "params": [],
            "body": {
                "type": "json",
                "raw": "{\n  \"nombre\": \"Diego\",\n  \"rol\": \"ADMIN_ROLE\"\n}",
                "form": []
            },
            "tests": []
        },
        {
            "_id": "e3eff0b0-36f3-4546-a5a4-e7e81af8fefd",
            "colId": "fc7264d4-02c2-4327-a5d4-81cf3ec38622",
            "containerId": "",
            "name": "delete usuario",
            "url": "http://localhost:3000/api/usuarios/65c29725197b398cecb0b1ab",
            "method": "DELETE",
            "sortNum": 60000,
            "created": "2024-02-06T22:24:17.322Z",
            "modified": "2024-02-06T22:24:37.689Z",
            "headers": [],
            "params": [],
            "tests": []
        }
    ]
}